class,precision,recall,f1-score,support
angry,1.0,1.0,1.0,2.0
fear,0.0,0.0,0.0,0.0
happy,1.0,0.9230769230769231,0.96,13.0
neutral,0.8181818181818182,1.0,0.9,9.0
sad,0.0,0.0,0.0,1.0
accuracy,0.92,0.92,0.92,0.92
macro avg,0.5636363636363637,0.5846153846153846,0.572,25.0
weighted avg,0.8945454545454545,0.92,0.9031999999999999,25.0
